"Data Source","World Development Indicators",

"Last Updated Date","2016-04-11",

"Country Name","Country Code","Indicator Name","Indicator Code","1960","1961","1962","1963","1964","1965","1966","1967","1968","1969","1970","1971","1972","1973","1974","1975","1976","1977","1978","1979","1980","1981","1982","1983","1984","1985","1986","1987","1988","1989","1990","1991","1992","1993","1994","1995","1996","1997","1998","1999","2000","2001","2002","2003","2004","2005","2006","2007","2008","2009","2010","2011","2012","2013","2014","2015",
"Aruba","ABW","High-technology exports (current US$)","TX.VAL.TECH.CD","","","","","","","","","","","","","","","","","","","","","","","","","","","","","","","","","","","","","","","","","8920213","338615","118950","338168","266637","388761","69664","59102","141337","866862","560538","1073498","3325655","1627152","1663353","",
"Andorra","AND","High-technology exports (current US$)","TX.VAL.TECH.CD","","","","","","","","","","","","","","","","","","","","","","","","","","","","","","","","","","","","3914459","5577625","8330815","6432320","3511781","4113229","10193596","9822198","16410433","27459185","25375265","15582884","","","","","","","","","",
"Afghanistan","AFG","High-technology exports (current US$)","TX.VAL.TECH.CD","","","","","","","","","","","","","","","","","","","","","","","","","","","","","","","","","","","","","","","","","","","","","","","","","","","","","","","","",
"Angola","AGO","High-technology exports (current US$)","TX.VAL.TECH.CD","","","","","","","","","","","","","","","","","","","","","","","","","","","","","","","","","","","","","","","","","","","","","","","","","","","","","","","","",
"Albania","ALB","High-technology exports (current US$)","TX.VAL.TECH.CD","","","","","","","","","","","","","","","","","","","","","","","","","","","","","","","","","","","","","247748","302707","1070147","5144499","1489031","1858694","1950417","3614505","4872125","3607944","3968947","9945986","6296633","5832068","8585833","6202700","4819147","6256686","917486","",
"Arab World","ARB","High-technology exports (current US$)","TX.VAL.TECH.CD","","","","","","","","","","","","","","","","","","","","","","","","","","","","","","","","","","","","","","","","","861955361","827430225","942063102","1162803371","1227386650","1313886262","1722503887","1763771723","2038003511","1483223005","2320456620","2302165596","","","","",
"United Arab Emirates","ARE","High-technology exports (current US$)","TX.VAL.TECH.CD","","","","","","","","","","","","","","","","","","","","","","","","","","","","","","","","15771","136590","51757","","","","","","6367751","5003130","17105411","7267038","8237510","10354212","43157534","26369910","39672400","204925025","23373326","50474248","66644653","","","34129020","",
"Argentina","ARG","High-technology exports (current US$)","TX.VAL.TECH.CD","","","","","","","","","","","","","","","","","","","","","","","","","","","","","","","","","255887224","271336431","247037164","285394512","400463473","460222625","544457420","599028286","797074012","800150443","600022456","710281801","761458020","840303735","1043916907","1139881387","1948517138","1546820304","1648289776","1978069865","1945836328","2433526528","1427075645","",
"Armenia","ARM","High-technology exports (current US$)","TX.VAL.TECH.CD","","","","","","","","","","","","","","","","","","","","","","","","","","","","","","","","","","","","","","6386519","","3142316","3966685","6167674","3442977","4703718","4226900","3457721","5101971","3992200","6476229","3937441","3759946","5737622","7045295","8886596","8317916","",
"American Samoa","ASM","High-technology exports (current US$)","TX.VAL.TECH.CD","","","","","","","","","","","","","","","","","","","","","","","","","","","","","","","","","","","","","","","","","","","","","","","","","","","","","","","","",
"Antigua and Barbuda","ATG","High-technology exports (current US$)","TX.VAL.TECH.CD","","","","","","","","","","","","","","","","","","","","","","","","","","","","","","","","","","","","","","","","20012","1813","","","","","22896","","1208","","0","0","0","0","0","0","",
"Australia","AUS","High-technology exports (current US$)","TX.VAL.TECH.CD","","","","","","","","","","","","","","","","","","","","","","","","","","","","","414725495","519795441","675284627","885009286","978796278","1160642748","1700360879","1811951850","1917702397","1937328232","1568134784","1617003942","2758523559","2676687071","2957074170","2744814896","3100450495","3284430694","3371725564","3302057949","3793610041","3249473216","3916557449","4859392142","4760970576","4565211317","4691411621","",
"Austria","AUT","High-technology exports (current US$)","TX.VAL.TECH.CD","","","","","","","","","","","","","","","","","","","","","","","","","","","","","2162211455","1994376539","2891238329","3132868371","3320381762","3133580514","4008244239","4469661909","4498407835","5428243580","5889045124","6360053017","7359867511","7692868384","9507515015","11393207594","14708635263","13019354902","14330800978","14554088272","15326989392","12254877472","13721385414","15705949135","16175823634","18412394058","19269819029","",
"Azerbaijan","AZE","High-technology exports (current US$)","TX.VAL.TECH.CD","","","","","","","","","","","","","","","","","","","","","","","","","","","","","","","","","","","","","2823315","4932667","10870354","7831002","6170398","9074523","10144360","8654984","8262913","6099097","9073107","15493641","6470757","4422662","5712075","8042867","41513310","71872403","32605511","",
"Burundi","BDI","High-technology exports (current US$)","TX.VAL.TECH.CD","","","","","","","","","","","","","","","","","","","","","","","","","","","","","","","","","","2177","29968","7769","","","2358","392","57","7034","98465","251014","119141","154570","20353","698983","1099093","1996065","529867","39","446314","48346","345775","",
"Belgium","BEL","High-technology exports (current US$)","TX.VAL.TECH.CD","","","","","","","","","","","","","","","","","","","","","","","","","","","","","","","","","","","","","","","","13477829593","15704395243","16346161208","15375807398","18197887754","20958529240","23385203121","23738808555","25185339614","28302042123","29552842926","31948749412","34680646884","36503921134","41673751056","43698592018","",
"Benin","BEN","High-technology exports (current US$)","TX.VAL.TECH.CD","","","","","","","","","","","","","","","","","","","","","","","","","","","","","","","","","","","","","","","15305","148538","14093","14813","297865","21078","14905","24452","50971","228291","490789","829993","135491","202121","810987","549020","3909428","",
"Burkina Faso","BFA","High-technology exports (current US$)","TX.VAL.TECH.CD","","","","","","","","","","","","","","","","","","","","","","","","","","","","","","","","","","","","172258","445361","2487441","1145352","1502311","1056535","2064834","653222","1282039","2397221","5708913","","1869252","231380","258159","2864513","2552612","","13894791","13333668","",
"Bangladesh","BGD","High-technology exports (current US$)","TX.VAL.TECH.CD","","","","","","","","","","","","","","","","","","","","","","","","","","","","","","4005721","5837385","3408766","3035062","345012","1335012","928701","1939473","265612","3488515","","10591240","9126275","6571088","14958984","15967424","27624176","23480859","133700302","58908946","37952009","31530160","39378724","","","","",
"Bulgaria","BGR","High-technology exports (current US$)","TX.VAL.TECH.CD","","","","","","","","","","","","","","","","","","","","","","","","","","","","","","","","","","","","","113391231","113063685","79629580","67230302","78619198","89940248","146746565","220010271","251557237","331842164","492315052","614618711","754677723","709153582","802458914","1015453449","982455482","1127909384","1079617724","",
"Bahrain","BHR","High-technology exports (current US$)","TX.VAL.TECH.CD","","","","","","","","","","","","","","","","","","","","","","","","","","","","","","","","","","","5760544","16248895","24337685","","","","217021","61808","51347","706072","445176","407033","329821","487802","37433131","295469","964226","1619723","6695609","18873835","46729049","",
"Bahamas, The","BHS","High-technology exports (current US$)","TX.VAL.TECH.CD","","","","","","","","","","","","","","","","","","","","","","","","","","","","","","","","","","","","","","0","8059253","1340953","7208849","586422","2312792","0","0","666","727334","300","0","76","3454","0","0","0","0","",
"Bosnia and Herzegovina","BIH","High-technology exports (current US$)","TX.VAL.TECH.CD","","","","","","","","","","","","","","","","","","","","","","","","","","","","","","","","","","","","","","","","","","","","10132143","17005162","28055487","46146287","56222543","133149252","78689990","70648090","102729055","77945331","80264967","91727882","",
"Belarus","BLR","High-technology exports (current US$)","TX.VAL.TECH.CD","","","","","","","","","","","","","","","","","","","","","","","","","","","","","","","","","","","","","","","206808991","156755982","182809700","206087500","217841300","231850900","227388400","224373500","277732200","358219800","418870600","319054500","406565000","510644600","620056400","766682600","660475200","",
"Belize","BLZ","High-technology exports (current US$)","TX.VAL.TECH.CD","","","","","","","","","","","","","","","","","","","","","","","","","","","","","","","","","0","0","250","0","0","0","509","918827","4","166","90","12169","62","2400","685987","9617","4424","13109","","268516","","0","0","",
"Bermuda","BMU","High-technology exports (current US$)","TX.VAL.TECH.CD","","","","","","","","","","","","","","","","","","","","","","","","","","","","","","","","","","","","","","","","","","","","","","","","","","","","","488596","2627023","2491211","",
"Bolivia","BOL","High-technology exports (current US$)","TX.VAL.TECH.CD","","","","","","","","","","","","","","","","","","","","","","","","","","","","","","","","","6453859","5369799","10911312","27424049","66483465","14850276","168718061","295989143","157943329","37717524","14914562","20959955","27811000","27275120","96497620","15413394","17442409","14815916","37069777","48204595","52913604","44104415","33144149","",
"Brazil","BRA","High-technology exports (current US$)","TX.VAL.TECH.CD","","","","","","","","","","","","","","","","","","","","","","","","","","","","","","1165537040","1053130596","902232511","1007316541","900231944","1097107002","1207552572","1575297205","2121994924","2609822218","3394695876","5990406897","6056632979","5223572467","4514943803","5953916611","8031342096","8418095630","9076353529","10285555636","7896042718","8121872800","8414889217","8820260626","8391851904","8228775226","",
"Barbados","BRB","High-technology exports (current US$)","TX.VAL.TECH.CD","","","","","","","","","","","","","","","","","","","","","","","","","","","","","","","","","14821782","16181483","16428115","18256354","16632886","20106861","23309677","27170045","22340068","19077539","12765733","13343863","12900277","21716027","25169271","12923375","5505582","11355774","18332852","21207630","19711310","21254959","24928712","",
"Brunei Darussalam","BRN","High-technology exports (current US$)","TX.VAL.TECH.CD","","","","","","","","","","","","","","","","","","","","","","","","","","","","","","","","","","","39322","","","11992243","22384796","","","53","321","977","25239183","","16386077","","","","","","65481453","53165101","55449872","",
"Bhutan","BTN","High-technology exports (current US$)","TX.VAL.TECH.CD","","","","","","","","","","","","","","","","","","","","","","","","","","","","","","","","","","","","","","","233786","","","","","","","5332666","10506554","1941205","9426","439945","394616","272","58575","","","",
"Botswana","BWA","High-technology exports (current US$)","TX.VAL.TECH.CD","","","","","","","","","","","","","","","","","","","","","","","","","","","","","","","","","","","","","","","","","12621851","5823501","12780910","14759407","12524242","16535910","15049990","15946359","20963734","24375930","14725119","44536509","61114300","24724995","16518448","",
"Central African Republic","CAF","High-technology exports (current US$)","TX.VAL.TECH.CD","","","","","","","","","","","","","","","","","","","","","","","","","","","","","","","","","","312121","82962","242868","161960","131626","186866","105276","44715","473089","15491","26884","41334","19255","133540","213932","7456","897373","477838","1394","134458","1325","","",
"Canada","CAN","High-technology exports (current US$)","TX.VAL.TECH.CD","","","","","","","","","","","","","","","","","","","","","","","","","","","","","7261374501","8343848041","10122181560","11804295892","11782688909","12304804428","14171258026","17738028951","19770469707","20981304803","21837723842","23792681720","32917189684","26883195443","22536924400","22651716240","21526068655","25351657258","26734980308","26310508820","26911377699","23210217037","23963441244","25017006457","29087234635","29197009108","31552262953","",
"Central Europe and the Baltics","CEB","High-technology exports (current US$)","TX.VAL.TECH.CD","","","","","","","","","","","","","","","","","","","","","","","","","","","","","","","","","","","1697069147","3017265260","3637543337","6122015121","8177116420","9086665832","11990367974","12819672904","16534326106","20551771568","28950414328","31316820407","37728115960","44309329967","54583799693","47739472208","57632243707","69024211983","62158661419","65585870366","69246136700","",
"Switzerland","CHE","High-technology exports (current US$)","TX.VAL.TECH.CD","","","","","","","","","","","","","","","","","","","","","","","","","","","","","7479784332","7541571051","9277551820","8912296199","9774985529","9230687861","10344088045","13037734712","13274704634","12722195113","14136393182","16163556375","15866413327","17147574973","19694009164","23085157546","26652824516","28272674039","31113885408","35285033968","42508223136","39308607780","42679710697","50124292139","50098542757","53294077946","55906710140","",
"Channel Islands","CHI","High-technology exports (current US$)","TX.VAL.TECH.CD","","","","","","","","","","","","","","","","","","","","","","","","","","","","","","","","","","","","","","","","","","","","","","","","","","","","","","","","",
"Chile","CHL","High-technology exports (current US$)","TX.VAL.TECH.CD","","","","","","","","","","","","","","","","","","","","","","","","","","","","","","","43686338","22770565","31055536","35694530","40044592","69932440","80429725","84401642","92360782","83718924","99129968","105903451","110617464","168562236","265703543","415258316","483239465","571705344","599123429","393889979","486839755","507252702","503029330","507843689","658843080","",
"China","CHN","High-technology exports (current US$)","TX.VAL.TECH.CD","","","","","","","","","","","","","","","","","","","","","","","","","","","","","","","","","4303337959","5247285176","8258761488","13057348532","15821972754","20477372330","24639526471","29598065891","41735539452","49409510874","69226431383","108669366006","163006978639","215928412864","273131515794","302773296976","340117842217","309600892370","406089687684","457106558431","505645680350","560058333865","558605991980","",
"Cote d'Ivoire","CIV","High-technology exports (current US$)","TX.VAL.TECH.CD","","","","","","","","","","","","","","","","","","","","","","","","","","","","","","","","","","","","5527551","4016448","42136266","37373832","70221917","14925013","22898042","24513270","41554103","168098612","156212843","174798333","145012961","137671782","125503542","35470464","155140853","91583887","38666706","72379188","",
"Cameroon","CMR","High-technology exports (current US$)","TX.VAL.TECH.CD","","","","","","","","","","","","","","","","","","","","","","","","","","","","","","","5652459","","","","","3202883","2475320","1576955","","","825496","903332","1001075","3366269","1798651","1684940","2967180","11281067","9773801","7758715","14232013","26918157","14790526","","26702495","",
"Congo, Rep.","COG","High-technology exports (current US$)","TX.VAL.TECH.CD","","","","","","","","","","","","","","","","","","","","","","","","","","","","","","","","","","1197841","3158121","3769879","","","","","","","","","","","","13531025","53924412","83028009","78784932","76127630","42207351","38020954","47798389","",
"Colombia","COL","High-technology exports (current US$)","TX.VAL.TECH.CD","","","","","","","","","","","","","","","","","","","","","","","","","","","","","","","","126543484","151278799","154926322","161681092","233001161","245419779","284163644","306083595","289147492","330564457","349136631","322444561","297321292","352837891","367212256","353802692","341931813","441258332","462355742","425239837","400794305","516973271","735600970","724222055","",
"Comoros","COM","High-technology exports (current US$)","TX.VAL.TECH.CD","","","","","","","","","","","","","","","","","","","","","","","","","","","","","","","","","","","","20015","1873","92808","15279","","3051","6228","3156","36783","182","361","2174","","22369","245482","11471","234350","6521","2591","","",
"Cabo Verde","CPV","High-technology exports (current US$)","TX.VAL.TECH.CD","","","","","","","","","","","","","","","","","","","","","","","","","","","","","","","","","","","","","","","403305","578892","81378","86560","2969","","","297","0","0","","","","63455","","","331","",
"Costa Rica","CRI","High-technology exports (current US$)","TX.VAL.TECH.CD","","","","","","","","","","","","","","","","","","","","","","","","","","","","","","","","","","","33775275","41977804","29619791","220195579","1188819271","2706840214","1859069412","1071008138","1146424767","1700616695","1309056581","1776832950","2090631242","2530343873","2426063976","1791400685","2193335855","2511568834","2719083321","3065086038","","",
"Caribbean small states","CSS","High-technology exports (current US$)","TX.VAL.TECH.CD","","","","","","","","","","","","","","","","","","","","","","","","","","","","","","","","","","40800027","30906835","54699467","23155880","27127956","53601766","53465395","59294681","106638345","50711755","22396272","44949447","61667408","63406055","88216607","54044536","21423259","29395031","31220034","","","","",
"Cuba","CUB","High-technology exports (current US$)","TX.VAL.TECH.CD","","","","","","","","","","","","","","","","","","","","","","","","","","","","","","","","","","","","","","","","34725143","33713990","49650365","65999912","55309003","59379541","113378753","248049451","","","","","","","","","",
"Curacao","CUW","High-technology exports (current US$)","TX.VAL.TECH.CD","","","","","","","","","","","","","","","","","","","","","","","","","","","","","","","","","","","","","","","","","","","","","","","","","","","","","","","","",
"Cayman Islands","CYM","High-technology exports (current US$)","TX.VAL.TECH.CD","","","","","","","","","","","","","","","","","","","","","","","","","","","","","","","","","","","","","","","","","","","","","","","","","","","","","","","","",
"Cyprus","CYP","High-technology exports (current US$)","TX.VAL.TECH.CD","","","","","","","","","","","","","","","","","","","","","","","","","","","","","","10644271","13945571","12327849","12360399","7568592","8555259","11302634","13359003","7089036","7364499","6497390","3381252","4124725","3723267","7969306","20597078","40480117","59868188","90755752","117524421","103906924","139021756","101643077","43507160","30802956","29195221","",
"Czech Republic","CZE","High-technology exports (current US$)","TX.VAL.TECH.CD","","","","","","","","","","","","","","","","","","","","","","","","","","","","","","","","","","417095112","509605238","1066292711","1384392842","1564900478","2120501636","2056156946","2175395886","2999276914","5717358878","5927385965","7828890431","8933980026","12080532987","14439623904","17303573135","14251924959","17468785927","23365827816","22007809307","21044498621","23084215820","",
"Germany","DEU","High-technology exports (current US$)","TX.VAL.TECH.CD","","","","","","","","","","","","","","","","","","","","","","","","","","","","","33640391960","37372441256","42467566168","46424896208","48068793864","42605028136","49515002528","60581521064","60953018867","64074551162","71626993528","77188078910","85541568000","90556490000","93577559000","106203323000","135678154000","146388837000","163169386000","153418544000","159811532000","139960752000","158507039742","183371439118","183354358704","193087960652","199826256755","",
"Djibouti","DJI","High-technology exports (current US$)","TX.VAL.TECH.CD","","","","","","","","","","","","","","","","","","","","","","","","","","","","","","","","","","","","","","","","","","","","","","","","","","116611","","","","","","",
"Dominica","DMA","High-technology exports (current US$)","TX.VAL.TECH.CD","","","","","","","","","","","","","","","","","","","","","","","","","","","","","","","","","","271375","143869","348726","619511","1492000","","1209213","1873565","1510276","1606816","1634465","1752442","1673309","1815465","1196357","77477","0","2757","","1912206","","","",
"Denmark","DNK","High-technology exports (current US$)","TX.VAL.TECH.CD","","","","","","","","","","","","","","","","","","","","","","","","","","","","","2213757474","2405121599","3255151603","3191576923","3587812275","3255458748","4048539560","4663250471","4899835067","5678362296","5648612310","6487722405","6752348446","6904684053","8313257009","8648725467","9971737472","10163186455","10461505789","11177588910","11444550232","10414112654","8113595952","9318396364","8742028850","9255459519","9758841660","",
"Dominican Republic","DOM","High-technology exports (current US$)","TX.VAL.TECH.CD","","","","","","","","","","","","","","","","","","","","","","","","","","","","","","","","","","","","","826566","1245349","","","","3663000","174472787","169269218","195423789","416046400","289148358","561963491","171267326","79348496","75808632","90873749","124612748","166882779","193265639","",
"Algeria","DZA","High-technology exports (current US$)","TX.VAL.TECH.CD","","","","","","","","","","","","","","","","","","","","","","","","","","","","","","","","","4272717","5676489","1888488","1666312","2440222","4596669","2303648","15510125","21221581","3383607","6421476","11944911","6720100","9039068","10642822","6607471","8441609","4418241","5141641","2407114","2028775","3152281","3308543","",
"East Asia & Pacific (developing only)","EAP","High-technology exports (current US$)","TX.VAL.TECH.CD","","","","","","","","","","","","","","","","","","","","","","","","","","","","","","","","","","","","","","","","","","","","","","","","","","","","","","","","",
"East Asia & Pacific (all income levels)","EAS","High-technology exports (current US$)","TX.VAL.TECH.CD","","","","","","","","","","","","","","","","","","","","","","","","","","","","","","","","","","","","","","","","","","","","","641078230844","","","","","","","","","","","",
"Europe & Central Asia (developing only)","ECA","High-technology exports (current US$)","TX.VAL.TECH.CD","","","","","","","","","","","","","","","","","","","","","","","","","","","","","","","","","","","","","","","1541973846","1879836141","2528700965","2581344361","2252246891","3156036405","4216641305","3824119038","5542682047","6922105246","9649651958","8904475583","11424698772","13459534024","13289529975","12862772860","","",
"Europe & Central Asia (all income levels)","ECS","High-technology exports (current US$)","TX.VAL.TECH.CD","","","","","","","","","","","","","","","","","","","","","","","","","","","","","","","","","","","","","279729752321","306918455314","337036116498","373916085699","414847739757","410829606557","413986880020","454761809621","538262158855","586027098023","668398962131","599425648071","640824552312","556535336437","631923312152","717925439816","706579928760","747629400340","768982903854","",
"Ecuador","ECU","High-technology exports (current US$)","TX.VAL.TECH.CD","","","","","","","","","","","","","","","","","","","","","","","","","","","","","","","201282","659521","4102221","7628619","10485267","19948986","18314225","20300400","19706691","25025315","26765851","25378146","34604215","41110871","48764989","64252235","96213183","72954851","68174873","51244801","144508135","56609383","52230657","71780677","73045394","",
"Egypt, Arab Rep.","EGY","High-technology exports (current US$)","TX.VAL.TECH.CD","","","","","","","","","","","","","","","","","","","","","","","","","","","","","","","","","","","5575423","7444650","7202642","4320820","3125918","3458267","5590915","12214874","12779142","10008085","13508500","10122569","15833587","5729500","91898811","85283582","96228883","128064020","74587997","70412348","176345548","",
"Euro area","EMU","High-technology exports (current US$)","TX.VAL.TECH.CD","","","","","","","","","","","","","","","","","","","","","","","","","","","","","","","","","128595712597","122404057509","141370982120","179064842384","187377110786","204775947886","226693642423","258365019114","287809906686","286705617877","280147481554","318962128546","382698028258","412242348926","446563919936","429639147203","448626471717","391492098116","440151852148","494808225610","492450954060","524795143717","537518709306","",
"Eritrea","ERI","High-technology exports (current US$)","TX.VAL.TECH.CD","","","","","","","","","","","","","","","","","","","","","","","","","","","","","","","","","","","","","","","","","0","0","49","312443","","","","","","","","","","","","",
"Spain","ESP","High-technology exports (current US$)","TX.VAL.TECH.CD","","","","","","","","","","","","","","","","","","","","","","","","","","","","","1986760022","2232767617","2796858758","3512148204","3677184196","3867093705","4750261439","5085672723","5997252786","5649562940","5904284637","6863721807","7028652565","6995216586","7047219322","9032583222","10241789363","10718307882","10367021771","9814385692","10850665236","10156621554","11290317379","13369605149","13378214587","16346453615","15400981205","",
"Estonia","EST","High-technology exports (current US$)","TX.VAL.TECH.CD","","","","","","","","","","","","","","","","","","","","","","","","","","","","","","","","","","","","74313570","125367192","175625692","256959726","274954185","834648934","579557392","372999352","530618896","669725308","847002958","804864963","440670804","490024842","370107710","740821251","1539406627","1238690981","1307614184","1328109627","",
"Ethiopia","ETH","High-technology exports (current US$)","TX.VAL.TECH.CD","","","","","","","","","","","","","","","","","","","","","","","","","","","","","","","","","","","","149657","","179832","79636","56864","58734","71131","74419","124423","3397210","574738","219309","4313989","3583734","5400759","5685177","5201037","5791575","7986999","23602365","",
"European Union","EUU","High-technology exports (current US$)","TX.VAL.TECH.CD","","","","","","","","","","","","","","","","","","","","","","","","","","","","","","","","","174070034486","167070853761","194847845955","247654955898","262637848847","290240794541","318171928404","353011769709","392754318649","387289528526","386283998840","422589751230","501704531906","549418607972","627452322048","551956607860","583538945186","504378261625","574988964765","651520822617","636592011280","672900938709","690197806390","",
"Fragile and conflict affected situations","FCS","High-technology exports (current US$)","TX.VAL.TECH.CD","","","","","","","","","","","","","","","","","","","","","","","","","","","","","","","","","","","","","","","","","","","","","","","","","","","","","","","","",
"Finland","FIN","High-technology exports (current US$)","TX.VAL.TECH.CD","","","","","","","","","","","","","","","","","","","","","","","","","","","","","941653536","1304454842","1667633451","1365398697","1798297635","2159415757","3190700008","4949017845","5516915550","6561501942","8149599309","8481687778","10553011896","9217688264","9119367926","10481672477","10615713224","13752240645","13986615983","13025707405","13505538720","6746780663","5853434235","5357724865","4447572442","3724745015","3961279492","",
"Fiji","FJI","High-technology exports (current US$)","TX.VAL.TECH.CD","","","","","","","","","","","","","","","","","","","","","","","","","","","","","","48338","15236252","1007310","12211449","796662","1399589","","","","","","760291","4993452","2338640","2498841","2535348","4419091","2814603","6410354","4628058","4816492","4866445","4886573","2678222","2689877","3246115","",
"France","FRA","High-technology exports (current US$)","TX.VAL.TECH.CD","","","","","","","","","","","","","","","","","","","","","","","","","","","","","19574356251","20920871186","26913884798","30978781293","33338877725","30538363071","34221858989","43018895187","42649162377","48093514933","54664760152","55590460409","58765144272","55540008753","53277217636","57052862496","66065406510","70505675725","81537776323","78821539350","91980274248","82531138981","99735768592","105100995988","108364773852","113250612485","114697237252","",
"Faroe Islands","FRO","High-technology exports (current US$)","TX.VAL.TECH.CD","","","","","","","","","","","","","","","","","","","","","","","","","","","","","","","16409","22194","","102287","170223","","12623","89799","209177","81567","38295","70646","10941","53616","59464","56156","201446","135174","6422756","346410","","","","","","",
"Micronesia, Fed. Sts.","FSM","High-technology exports (current US$)","TX.VAL.TECH.CD","","","","","","","","","","","","","","","","","","","","","","","","","","","","","","","","","","","","","","","","","","","","","","","","","","","","","","","","",
"Gabon","GAB","High-technology exports (current US$)","TX.VAL.TECH.CD","","","","","","","","","","","","","","","","","","","","","","","","","","","","","","","","","","16453304","8861831","","16703990","18496664","41382820","44691661","3057052","2385789","4680208","3722310","26820928","20473823","71084576","45508801","42642923","6724020","","","","","","",
"United Kingdom","GBR","High-technology exports (current US$)","TX.VAL.TECH.CD","","","","","","","","","","","","","","","","","","","","","","","","","","","","","28433358028","30671776886","34632244776","34220217696","34872409643","34806807678","41371824547","51570249515","55500782013","61939455250","64898549541","66256158089","71717486091","71648946915","70421457958","63225293365","65966564145","82538262330","119362439325","57564225109","60467765449","47568044646","60172818879","69611885161","67786969582","69223896551","70652924421","",
"Georgia","GEO","High-technology exports (current US$)","TX.VAL.TECH.CD","","","","","","","","","","","","","","","","","","","","","","","","","","","","","","","","","","","","","1302747","2514746","3781742","22757647","11001340","39961736","46988142","31078742","89154260","75237675","65778042","41072248","20792486","14196325","10602755","10871872","18944703","20109619","25567911","",
"Ghana","GHA","High-technology exports (current US$)","TX.VAL.TECH.CD","","","","","","","","","","","","","","","","","","","","","","","","","","","","","","","","","1203175","","","","826215","551888","890903","32355721","3002813","4703931","","7901997","552014","1405467","1378894","4637920","5912804","19208592","7732534","23116796","72508462","59681162","","",
"Guinea","GIN","High-technology exports (current US$)","TX.VAL.TECH.CD","","","","","","","","","","","","","","","","","","","","","","","","","","","","","","","","","","","","155815","85455","64983","71532","7991","122908","419478","958","","307553","182074","25653","246031","379343","","","","","862338","3445207","",
"Gambia, The","GMB","High-technology exports (current US$)","TX.VAL.TECH.CD","","","","","","","","","","","","","","","","","","","","","","","","","","","","","","","","","","","","408414","104803","65725","204772","30381","5985","144688","4626","692","2036","263","766","10918","18510","0","2105","25179","12721","54418","0","",
"Guinea-Bissau","GNB","High-technology exports (current US$)","TX.VAL.TECH.CD","","","","","","","","","","","","","","","","","","","","","","","","","","","","","","","","","","","","","","","","","","","","","4296","","","","","","","","","","","",
"Equatorial Guinea","GNQ","High-technology exports (current US$)","TX.VAL.TECH.CD","","","","","","","","","","","","","","","","","","","","","","","","","","","","","","","","","","","","","","","","","","","","","","","","","","","","","","","","",
"Greece","GRC","High-technology exports (current US$)","TX.VAL.TECH.CD","","","","","","","","","","","","","","","","","","","","","","","","","","","","","72454415","79343022","103627118","123748650","113440189","162259700","169674275","318330617","347092436","336700010","499339108","574423462","743884634","549956560","686710971","991726383","1070613132","1032319861","1184998759","922549084","1339905494","1195427347","1137094899","1227145814","1026837242","855056995","1209944931","",
"Grenada","GRD","High-technology exports (current US$)","TX.VAL.TECH.CD","","","","","","","","","","","","","","","","","","","","","","","","","","","","","","","","","","154413","20398","17333","0","162774","5929720","2302","13716420","7828899","667824","45344","21857","4711","1178","7455735","1387798","","","","","","","",
"Greenland","GRL","High-technology exports (current US$)","TX.VAL.TECH.CD","","","","","","","","","","","","","","","","","","","","","","","","","","","","","467591","1300906","626161","490765","603508","674906","413875","394843","1445277","4741182","396571","429482","1314442","461704","7286698","710941","329754","775427","1671548","1642148","465911","253759","12901070","1595781","3226962","897746","199043","",
"Guatemala","GTM","High-technology exports (current US$)","TX.VAL.TECH.CD","","","","","","","","","","","","","","","","","","","","","","","","","","","","","","","","","","25767627","34338000","51837521","57088171","64420678","60735811","71340784","68673381","70297474","53344371","79615238","89757562","103164427","38408706","122165458","152701972","142728242","205084955","176575043","192509821","197058734","211783122","",
"Guam","GUM","High-technology exports (current US$)","TX.VAL.TECH.CD","","","","","","","","","","","","","","","","","","","","","","","","","","","","","","","","","","","","","","","","","","","","","","","","","","","","","","","","",
"Guyana","GUY","High-technology exports (current US$)","TX.VAL.TECH.CD","","","","","","","","","","","","","","","","","","","","","","","","","","","","","","","","","","","","","","927000","907000","772233","1179149","1036758","5290491","614146","440074","150579","260532","318332","70726","16102","74105","109036","57503","119359","105393","",
"High income","HIC","High-technology exports (current US$)","TX.VAL.TECH.CD","","","","","","","","","","","","","","","","","","","","","","","","","","","","","","","","","","","","","667857362696","736801314738","760627950384","839859892126","977029297109","875876909052","867911627044","944873087978","1111668298979","1200491218363","1365560756210","1264533490598","1323878031170","1081842946462","1178387915924","1269798713781","1263712762979","1304053044042","1526830349212","",
"Hong Kong SAR, China","HKG","High-technology exports (current US$)","TX.VAL.TECH.CD","","","","","","","","","","","","","","","","","","","","","","","","","","","","","","","","","4719403988","4603952492","4968767716","5762158099","4968315035","5377199226","4854315914","4398188601","5183241596","3716465005","2695530488","1850043538","2143638489","2512414893","1790700509","1411824772","1086000429","870281839","1105610241","805496960","841460390","599663754","192718805476","",
"Honduras","HND","High-technology exports (current US$)","TX.VAL.TECH.CD","","","","","","","","","","","","","","","","","","","","","","","","","","","","","","","","","","1233128","1718778","1665037","10136156","5054198","8453002","10665119","706711","462166","4262218","2420884","4090081","17333146","7026465","9764676","","15162483","19141806","11395287","34694652","","41817226","",
"Heavily indebted poor countries (HIPC)","HPC","High-technology exports (current US$)","TX.VAL.TECH.CD","","","","","","","","","","","","","","","","","","","","","","","","","","","","","","","","","","","","","","115911027","","","210450990","97700601","96039901","119987610","263341667","307996246","393380030","312646193","326254444","450885643","265580433","909616929","755054020","","","",
"Croatia","HRV","High-technology exports (current US$)","TX.VAL.TECH.CD","","","","","","","","","","","","","","","","","","","","","","","","","","","","","","","","","171964501","136315995","164112942","208958409","249370403","287400195","272463933","267915577","279065040","350261678","431998720","542007161","756792464","682293611","670663198","692931234","821420863","679468866","732105959","672543092","761508481","808593307","731324425","",
"Haiti","HTI","High-technology exports (current US$)","TX.VAL.TECH.CD","","","","","","","","","","","","","","","","","","","","","","","","","","","","","9403400","2892751","20159068","21926051","2016328","1529422","221436","344466","1904497","1804714","","","","","","","","","","","","","","","","","","",
"Hungary","HUN","High-technology exports (current US$)","TX.VAL.TECH.CD","","","","","","","","","","","","","","","","","","","","","","","","","","","","","","","","","279631000","318049000","348125000","590753000","515160000","2647945032","3872353064","4837902000","6429335000","6298108000","7400656000","9653507000","14225440000","13695032000","14995080000","18271149000","20254255000","16918932000","18815936000","20649002000","14878219000","14470677145","12889370773","",
"Indonesia","IDN","High-technology exports (current US$)","TX.VAL.TECH.CD","","","","","","","","","","","","","","","","","","","","","","","","","","","","","","101180000","144306712","224574514","493821102","882872278","1375925745","1685982037","2291795910","2611199836","2256518817","2728364531","5774419213","4471258542","5158848176","4680910343","5902813446","6671058414","6034485448","5356419372","5762686044","6038545109","5742569481","5727738147","4962402547","4818332512","4980582046","",
"Isle of Man","IMN","High-technology exports (current US$)","TX.VAL.TECH.CD","","","","","","","","","","","","","","","","","","","","","","","","","","","","","","","","","","","","","","","","","","","","","","","","","","","","","","","","",
"India","IND","High-technology exports (current US$)","TX.VAL.TECH.CD","","","","","","","","","","","","","","","","","","","","","","","","","","","","","402149981","512079481","497829267","604228939","615240858","695836513","959201216","1351219574","1662488967","1685896198","1414828818","1679108273","2062488338","2286511142","2353666770","2710123490","3355934439","4139238100","4876300228","5997790337","7738414135","10728448006","10086626314","12870672544","12434267043","16693424357","17315676298","",
"Not classified","INX","High-technology exports (current US$)","TX.VAL.TECH.CD","","","","","","","","","","","","","","","","","","","","","","","","","","","","","","","","","","","","","","","","","","","","","","","","","","","","","","","","",
"Ireland","IRL","High-technology exports (current US$)","TX.VAL.TECH.CD","","","","","","","","","","","","","","","","","","","","","","","","","","","","","5277076812","6163766530","6841293794","6560803447","7187967196","7894108650","9980720568","14398170640","17371426662","20117197732","23875081160","28523395273","31475030671","34661838788","31754508355","27741124356","30424804143","32873832109","31829122545","28168568620","27795411439","24286812034","21232045267","23751602369","22623281790","21914722722","21260562125","",
"Iran, Islamic Rep.","IRN","High-technology exports (current US$)","TX.VAL.TECH.CD","","","","","","","","","","","","","","","","","","","","","","","","","","","","","","","","","","","","","","2467415","3428472","5825739","12263196","25906125","38053545","50470338","70762119","131544659","402642298","","","","584312861","652571090","","","","",
"Iraq","IRQ","High-technology exports (current US$)","TX.VAL.TECH.CD","","","","","","","","","","","","","","","","","","","","","","","","","","","","","","","","","","","","","","","","","","","","","","","","49871","","","","","","","","",
"Iceland","ISL","High-technology exports (current US$)","TX.VAL.TECH.CD","","","","","","","","","","","","","","","","","","","","","","","","","","","","","50934045","7591210","12716528","1846629","3512826","4568090","31697325","34498707","43444895","44803707","36248232","41796665","32424132","27063751","37346356","47248252","67883235","202601661","308466717","774358510","415726899","245695849","141380773","156242917","103588490","93401352","118378747","",
"Israel","ISR","High-technology exports (current US$)","TX.VAL.TECH.CD","","","","","","","","","","","","","","","","","","","","","","","","","","","","","831381100","998352127","1111523814","1170931771","1366107121","1609097165","2008375805","2719331992","3184663984","3844892960","4259555016","4643183000","4978622000","4438381000","3762003000","4526716000","5440699000","4969659000","5594060000","3065415000","6273377000","7889756000","7978955000","8825592000","9212054000","9634614000","10241482000","",
"Italy","ITA","High-technology exports (current US$)","TX.VAL.TECH.CD","","","","","","","","","","","","","","","","","","","","","","","","","","","","","8109122375","8972598098","11561564013","12192579390","13395858260","12745021733","14116203351","16707949675","17713247341","16118597622","17499991470","17284841625","20110754174","20567853960","20512274447","20757319636","24517923411","25300973541","25884628534","26448137309","28813005956","25027190920","26419456970","31191607345","27525718963","29711962935","30744972831","",
"Jamaica","JAM","High-technology exports (current US$)","TX.VAL.TECH.CD","","","","","","","","","","","","","","","","","","","","","","","","","","","","","","","","864066","857795","511199","418125","336421","432535","508589","684967","332111","544351","253779","1015546","369660","1135623","878671","1294491","2469638","6256351","3027015","2860387","4075020","4584643","4346223","3341254","",
"Jordan","JOR","High-technology exports (current US$)","TX.VAL.TECH.CD","","","","","","","","","","","","","","","","","","","","","","","","","","","","","","886551","7451511","11292868","4914384","7944499","48155615","30195271","","31174411","15081773","48276727","53155024","88645744","49064136","28932292","42689482","34818525","35795070","38553549","42610370","50910351","122342466","115604075","102658495","77614246","80053130","",
"Japan","JPN","High-technology exports (current US$)","TX.VAL.TECH.CD","","","","","","","","","","","","","","","","","","","","","","","","","","","","","60989049406","64898773641","66664122330","73205571786","78431391048","85018158604","96491960318","111839773817","101830878105","104987776060","95491507998","104650392748","128902188246","99456094875","95882192457","107080942266","126245329293","125445486494","129241175242","117857774521","119914965648","95158639780","122102186970","126477503562","123411773351","105075614374","100954836424","",
"Kazakhstan","KAZ","High-technology exports (current US$)","TX.VAL.TECH.CD","","","","","","","","","","","","","","","","","","","","","","","","","","","","","","","","","","","","89132343","98792008","94832113","97182719","123105702","57336900","48924400","197432500","199962600","281063318","417238046","987630546","1463022217","2250589650","1800083703","2357068062","2587709497","3539236310","3069362578","3321231321","",
"Kenya","KEN","High-technology exports (current US$)","TX.VAL.TECH.CD","","","","","","","","","","","","","","","","","","","","","","","","","","","","","","","12035968","7062622","7575511","9043643","15855319","18038643","21184002","21893860","20322312","11968910","12612486","17342418","35385237","22053512","16681960","31568222","40458269","82661150","70820567","86215335","99904495","","","72063129","","",
"Kyrgyz Republic","KGZ","High-technology exports (current US$)","TX.VAL.TECH.CD","","","","","","","","","","","","","","","","","","","","","","","","","","","","","","","","","","","","13028680","30074264","","15065142","3180737","14103800","15983583","5670798","2462464","17222279","3268650","6517071","6908154","11198933","10795009","2360851","9066445","15625774","16771386","","",
"Cambodia","KHM","High-technology exports (current US$)","TX.VAL.TECH.CD","","","","","","","","","","","","","","","","","","","","","","","","","","","","","","","","","","","","","","","","","1095933","957962","3245461","7017878","4200420","3536852","981098","1480818","3200602","8462992","4699613","5139291","9984545","16145811","","",
"Kiribati","KIR","High-technology exports (current US$)","TX.VAL.TECH.CD","","","","","","","","","","","","","","","","","","","","","","","","","","","","","","","","","","","","","","","","","","","","","","","","15388","137863","492613","458632","","238384","2648","","",
"St. Kitts and Nevis","KNA","High-technology exports (current US$)","TX.VAL.TECH.CD","","","","","","","","","","","","","","","","","","","","","","","","","","","","","","","","","","512321","378165","21507","39203","160867","","31602","135540","45472","16010","202018","19418","193968","107898","291175","172089","6599","301723","36481","","","","",
"Korea, Rep.","KOR","High-technology exports (current US$)","TX.VAL.TECH.CD","","","","","","","","","","","","","","","","","","","","","","","","","","","","","8978416050","10286594006","10936004210","12868946426","14019224634","15453309549","20181271871","29786279100","27660192582","31502015863","30934317183","41376160119","54332601071","40358480791","46935938530","57458125461","76117485438","83907322830","93351820238","101031976659","100908572021","92855647821","121478141990","122021442532","121312606727","130460427536","133447400828","",
"Kosovo","KSV","High-technology exports (current US$)","TX.VAL.TECH.CD","","","","","","","","","","","","","","","","","","","","","","","","","","","","","","","","","","","","","","","","","","","","","","","","","","","","","","","","",
"Kuwait","KWT","High-technology exports (current US$)","TX.VAL.TECH.CD","","","","","","","","","","","","","","","","","","","","","","","","","","","","","9677808","17701000","14957490","5328120","15844751","10549690","130279777","8153236","6457672","6339210","6915819","33763167","1464897","1487446","1308546","1038364","1348493","","5982129","9639816","8128742","16285678","","","","84074873","5333902","",
"Latin America & Caribbean (developing only)","LAC","High-technology exports (current US$)","TX.VAL.TECH.CD","","","","","","","","","","","","","","","","","","","","","","","","","","","","","","","","","","5596631058","7927500648","10992909542","13903598813","18425156152","23701482461","30981469014","39741257589","37504654233","36072274882","35701282424","40114148873","43541388198","47778051583","46481881554","47259595570","41942210169","49364371941","57842158961","56965376326","58521506804","59363626581","",
"Lao PDR","LAO","High-technology exports (current US$)","TX.VAL.TECH.CD","","","","","","","","","","","","","","","","","","","","","","","","","","","","","","","","","","","","","","","","","","","","","","","","","","","","","","","","",
"Lebanon","LBN","High-technology exports (current US$)","TX.VAL.TECH.CD","","","","","","","","","","","","","","","","","","","","","","","","","","","","","","","","","","","","","","14516140","13473824","11193218","11049679","14177653","15692174","16995379","26474000","34520000","35101735","37477392","55103881","86790410","278555999","49364422","39298966","41298274","38146559","",
"Liberia","LBR","High-technology exports (current US$)","TX.VAL.TECH.CD","","","","","","","","","","","","","","","","","","","","","","","","","","","","","","","","","","","","","","","","","","","","","","","","","","","","","","","","",
"Libya","LBY","High-technology exports (current US$)","TX.VAL.TECH.CD","","","","","","","","","","","","","","","","","","","","","","","","","","","","","","","","","","","","","","","","","","","","","","","","","","","","","","","","",
"St. Lucia","LCA","High-technology exports (current US$)","TX.VAL.TECH.CD","","","","","","","","","","","","","","","","","","","","","","","","","","","","","","","","383656","1247120","1232431","1904960","1463146","1421425","588858","746375","494323","427949","434603","816168","840080","817725","837429","1845756","2379675","3965900","","","","","","1728467","",
"Latin America & Caribbean (all income levels)","LCN","High-technology exports (current US$)","TX.VAL.TECH.CD","","","","","","","","","","","","","","","","","","","","","","","","","","","","","","","","","","","8312072966","11495327556","14496640113","19093928193","24486680497","31805211823","40790947163","38620497242","36958201745","36751975349","41330218552","45002417036","49485570396","48314275476","50049728759","44043093672","51781009744","60534609662","59630720573","","","",
"Least developed countries: UN classification","LDC","High-technology exports (current US$)","TX.VAL.TECH.CD","","","","","","","","","","","","","","","","","","","","","","","","","","","","","","","","","","","","","","","","","","","","","","","","","","","","","","","","",
"Low income","LIC","High-technology exports (current US$)","TX.VAL.TECH.CD","","","","","","","","","","","","","","","","","","","","","","","","","","","","","","","","","","","","","","","","","21189167","","47127625","","","","","","","","","","","","","",
"Liechtenstein","LIE","High-technology exports (current US$)","TX.VAL.TECH.CD","","","","","","","","","","","","","","","","","","","","","","","","","","","","","","","","","","","","","","","","","","","","","","","","","","","","","","","","",
"Sri Lanka","LKA","High-technology exports (current US$)","TX.VAL.TECH.CD","","","","","","","","","","","","","","","","","","","","","","","","","","","","","","","6056445","8040201","18180762","22900854","27889491","","","","","109039078","122746599","76287148","19281819","24619542","61775100","99738087","71512094","108639372","102239678","45502785","56678418","70746485","57823960","69142802","67647675","",
"Lower middle income","LMC","High-technology exports (current US$)","TX.VAL.TECH.CD","","","","","","","","","","","","","","","","","","","","","","","","","","","","","","","","","","","","","","","","","35400908281","29759210252","33420876975","34224067213","38697258180","40250126474","42637847135","46614753187","45697082174","43718106698","39548418519","45092264223","59309806076","","","",
"Low & middle income","LMY","High-technology exports (current US$)","TX.VAL.TECH.CD","","","","","","","","","","","","","","","","","","","","","","","","","","","","","","","","","","","","","","","","","184180369472","175936575813","200627508573","247483986255","320172971935","385152038250","462006709977","499520780173","518087503934","483299847177","601570431039","669731009386","730676304016","","","",
"Lesotho","LSO","High-technology exports (current US$)","TX.VAL.TECH.CD","","","","","","","","","","","","","","","","","","","","","","","","","","","","","","","","","","","","","","","","","901662","1195899","1935685","327275","428589","","","","394573","1640095","2229999","139462","18372","","","",
"Lithuania","LTU","High-technology exports (current US$)","TX.VAL.TECH.CD","","","","","","","","","","","","","","","","","","","","","","","","","","","","","","","","","4156835","","57751910","57214598","72340653","88376919","74958806","64690540","101977906","133254633","132688400","216177526","253219451","412262108","655735047","1190913025","1457224657","905311029","1190412076","1520145996","1612829473","1782051127","1900957548","",
"Luxembourg","LUX","High-technology exports (current US$)","TX.VAL.TECH.CD","","","","","","","","","","","","","","","","","","","","","","","","","","","","","","","","","","","","","","","","958730959","1076675387","1336048713","1097914462","1002393908","1063132018","1230769788","1328907021","1154345644","919140138","888274065","918468404","1106470978","895544462","714838455","642362379","",
"Latvia","LVA","High-technology exports (current US$)","TX.VAL.TECH.CD","","","","","","","","","","","","","","","","","","","","","","","","","","","","","","","","","","","35661077","39208856","45718132","60943450","41831944","39634680","41474136","44883758","51825254","79724617","131307153","159476820","243118219","336672251","407955763","337996402","396246630","560578395","675108657","925175276","1119714939","",
"Macao SAR, China","MAC","High-technology exports (current US$)","TX.VAL.TECH.CD","","","","","","","","","","","","","","","","","","","","","","","","","","","","","","26307999","25870991","28881419","32416451","29870448","23081404","36917750","36645302","38956538","15233058","15966447","18387133","17235972","12237377","10953032","9961645","12397535","12671644","16862697","22922705","13198070","0","0","0","","38253","",
"St. Martin (French part)","MAF","High-technology exports (current US$)","TX.VAL.TECH.CD","","","","","","","","","","","","","","","","","","","","","","","","","","","","","","","","","","","","","","","","","","","","","","","","","","","","","","","","",
"Morocco","MAR","High-technology exports (current US$)","TX.VAL.TECH.CD","","","","","","","","","","","","","","","","","","","","","","","","","","","","","","","","","","52975392","45753827","13355016","8584637","9509015","448261790","604369645","537369655","439527097","572743714","681200151","696365089","708334686","830646958","859085513","771383917","664566954","897323698","860938797","889025706","949971530","869791832","",
"Monaco","MCO","High-technology exports (current US$)","TX.VAL.TECH.CD","","","","","","","","","","","","","","","","","","","","","","","","","","","","","","","","","","","","","","","","","","","","","","","","","","","","","","","","",
"Moldova","MDA","High-technology exports (current US$)","TX.VAL.TECH.CD","","","","","","","","","","","","","","","","","","","","","","","","","","","","","","","","","","","5000893","6405291","7136545","47926184","4186905","5192463","4683000","4779830","7690497","8315351","8785285","7801405","10460212","13904627","13236759","8118121","17430573","16874822","24709880","14300836","23886881","",
"Madagascar","MDG","High-technology exports (current US$)","TX.VAL.TECH.CD","","","","","","","","","","","","","","","","","","","","","","","","","","","","","","","3407052","821551","409633","4392321","779152","612610","1006039","664396","15508010","3829843","2093220","3242745","1675168","1638402","2355958","2738562","4491601","7238885","6830768","9359649","4714064","52026514","1681188","1638370","3961124","",
"Maldives","MDV","High-technology exports (current US$)","TX.VAL.TECH.CD","","","","","","","","","","","","","","","","","","","","","","","","","","","","","","","","","","","","","","","","","","","","","0","0","","","","","","","","","","",
"Middle East & North Africa (all income levels)","MEA","High-technology exports (current US$)","TX.VAL.TECH.CD","","","","","","","","","","","","","","","","","","","","","","","","","","","","","","","","","","","","","","","","6726206662","7401328928","6334693084","5766805955","6981705341","8119000872","7571868753","9230728725","6303778706","9651999665","10368406399","12066278966","13089210320","12589165404","12962457742","","",
"Mexico","MEX","High-technology exports (current US$)","TX.VAL.TECH.CD","","","","","","","","","","","","","","","","","","","","","","","","","","","","","","1042212656","962212081","1189015497","3688313016","4487544984","6528622363","9352136000","11806799865","15592067852","19230095730","24059491957","31174465509","29734770059","28937633223","28725861281","31955962404","32400251888","35899472030","33482117138","33387187129","31183608848","37657285550","40795383584","44021894972","45418666690","49402709617","",
"Marshall Islands","MHL","High-technology exports (current US$)","TX.VAL.TECH.CD","","","","","","","","","","","","","","","","","","","","","","","","","","","","","","","","","","","","","","","","","","","","","","","","","","","","","","","","",
"Middle income","MIC","High-technology exports (current US$)","TX.VAL.TECH.CD","","","","","","","","","","","","","","","","","","","","","","","","","","","","","","","","","","","","","","","","","184159180305","175917537247","200580380948","247456434763","320139043586","385096624059","461720023057","499398941014","517966282523","483208255976","601499454392","669379871693","730260674888","801715294043","","",
"Macedonia, FYR","MKD","High-technology exports (current US$)","TX.VAL.TECH.CD","","","","","","","","","","","","","","","","","","","","","","","","","","","","","","","","","","","14039453","22603130","11640510","18115914","18349952","6962416","11410012","8847315","10828902","13164212","14995706","15849651","18539167","21225703","","40375847","77129177","123405402","112135680","117522964","122898232","",
"Mali","MLI","High-technology exports (current US$)","TX.VAL.TECH.CD","","","","","","","","","","","","","","","","","","","","","","","","","","","","","","","","","","","","","172935","136329","369300","905489","1255457","3181124","3250493","1306391","2081143","2361153","2625440","3650261","1540876","","1703594","5021628","2187956","","","",
"Malta","MLT","High-technology exports (current US$)","TX.VAL.TECH.CD","","","","","","","","","","","","","","","","","","","","","","","","","","","","","","","446258221","576146723","764480970","631416874","844859686","1073654363","904233910","789988653","1002197701","1066056864","1553186709","1043541366","1028418780","1241756330","1380153285","1156793536","1511533485","1474591983","1340676895","1005297003","1182615533","1309410485","1265236319","1011832290","849241705","",
"Myanmar","MMR","High-technology exports (current US$)","TX.VAL.TECH.CD","","","","","","","","","","","","","","","","","","","","","","","","","","","","","","","","","34340","","","","","","","","","","","","","","","","","","41739","","","","","",
"Middle East & North Africa (developing only)","MNA","High-technology exports (current US$)","TX.VAL.TECH.CD","","","","","","","","","","","","","","","","","","","","","","","","","","","","","","","","","","","","","","","","","797416301","761575448","905528307","1052348773","1240576939","1301899118","1932479554","1572507901","1684175978","1385749916","2633573104","2542528050","","","","",
"Montenegro","MNE","High-technology exports (current US$)","TX.VAL.TECH.CD","","","","","","","","","","","","","","","","","","","","","","","","","","","","","","","","","","","","","","","","","","","","","","","3502499","2925094","2586252","12154429","5311185","4085156","8705682","4774385","","",
"Mongolia","MNG","High-technology exports (current US$)","TX.VAL.TECH.CD","","","","","","","","","","","","","","","","","","","","","","","","","","","","","","","","","","","","","483565","1910908","772034","2769190","559535","128925","640448","370407","240779","93905","2653416","6852798","","","","","","22066017","33611478","",
"Northern Mariana Islands","MNP","High-technology exports (current US$)","TX.VAL.TECH.CD","","","","","","","","","","","","","","","","","","","","","","","","","","","","","","","","","","","","","","","","","","","","","","","","","","","","","","","","",
"Mozambique","MOZ","High-technology exports (current US$)","TX.VAL.TECH.CD","","","","","","","","","","","","","","","","","","","","","","","","","","","","","","","","","","","189000","886000","2229000","2959146","","599921","2189175","945728","1885932","6547177","8240764","9496128","2751450","14912437","6110726","23755399","549792","71194000","104739005","80780608","43938980","",
"Mauritania","MRT","High-technology exports (current US$)","TX.VAL.TECH.CD","","","","","","","","","","","","","","","","","","","","","","","","","","","","","","","","","","","","","","","","","","","","","","","","","","","","","","","","",
"Mauritius","MUS","High-technology exports (current US$)","TX.VAL.TECH.CD","","","","","","","","","","","","","","","","","","","","","","","","","","","","","","","4508682","4048214","4032847","4957310","8699983","10396802","6806599","8755237","14932993","13465787","12658919","14032030","29370476","72328882","61587899","16148071","360658605","113631176","99614971","21066982","6195501","9742400","10600841","6228178","276502","",
"Malawi","MWI","High-technology exports (current US$)","TX.VAL.TECH.CD","","","","","","","","","","","","","","","","","","","","","","","","","","","","","","","18212","28293","","","1046539","479984","363503","375432","130741","301727","558734","1279615","71358","210260","676469","2495571","1554722","1250224","1656918","2857374","1231423","4047462","1316458","5416216","6096774","",
"Malaysia","MYS","High-technology exports (current US$)","TX.VAL.TECH.CD","","","","","","","","","","","","","","","","","","","","","","","","","","","","","3732510571","4676491292","6050305410","7951230303","10219630229","13495282897","19166912147","25408874429","26330796170","29501429556","31661692698","39994086879","47025984953","40927596796","43578859112","47370455184","53268141268","57700357985","63493770185","65223947548","42971572907","50971808371","59331817835","61126964506","61228924357","60378253483","63376041042","",
"North America","NAC","High-technology exports (current US$)","TX.VAL.TECH.CD","","","","","","","","","","","","","","","","","","","","","","","","","","","","","","85111715516","99639171301","109611305673","116483599779","117489650145","129706353968","144497328076","157864032140","184388633981","193806913929","205224551881","230383198463","203046824134","184619248249","182943045279","197807733215","216088899965","245760995946","244426010719","247795848907","155616891926","169896130521","170655606604","177418712699","177730188584","187195349752","",
"Namibia","NAM","High-technology exports (current US$)","TX.VAL.TECH.CD","","","","","","","","","","","","","","","","","","","","","","","","","","","","","","","","","","","","","","","","","13211596","6009211","8423643","13737513","66193658","161953227","100684073","81971007","19149165","38757633","29720410","42274443","106847183","44037568","83161368","",
"New Caledonia","NCL","High-technology exports (current US$)","TX.VAL.TECH.CD","","","","","","","","","","","","","","","","","","","","","","","","","","","","","","","","","","","","","","","","4112969","2287605","2608502","2076755","3797641","14607809","3830734","10323896","5512105","4620253","114918541","6153149","160019578","84304913","96524897","136661132","",
"Niger","NER","High-technology exports (current US$)","TX.VAL.TECH.CD","","","","","","","","","","","","","","","","","","","","","","","","","","","","","","","","","","","","151554","220986","353918","161413","619193","1185678","531675","523717","548885","1539763","9393068","10242539","7998788","1994085","4047669","3768111","2544017","2101414","48628117","69108666","",
"Nigeria","NGA","High-technology exports (current US$)","TX.VAL.TECH.CD","","","","","","","","","","","","","","","","","","","","","","","","","","","","","","","","","","","","","2123200","418458","30709","13055906","331097","204540","1328095","8617110","","","61698021","12042734","18260124","45296900","63044619","38334316","77185633","84049641","139618952","",
"Nicaragua","NIC","High-technology exports (current US$)","TX.VAL.TECH.CD","","","","","","","","","","","","","","","","","","","","","","","","","","","","","","","","","","1625430","1664539","1005671","971204","1048922","1777175","960405","2316016","2033713","6005955","3069994","5081360","4473270","4714409","5110931","7573723","6761103","5592320","5994074","4344649","7424951","8198780","",
"Netherlands","NLD","High-technology exports (current US$)","TX.VAL.TECH.CD","","","","","","","","","","","","","","","","","","","","","","","","","","","","","9000158840","10064732596","12853367042","13928337514","16179939830","18141527315","19710513412","26801118676","29829699293","35843006967","35678639752","39909411871","44879171597","38962325108","34098720150","50241414283","60073008423","65910375885","69510358120","67416482908","58127846370","50765250646","59509788717","67147867601","63963116660","69039551874","70308349003","",
"High income: nonOECD","NOC","High-technology exports (current US$)","TX.VAL.TECH.CD","","","","","","","","","","","","","","","","","","","","","","","","","","","","","","","","","","","","","","","","","147217830713","120969016269","126821463408","144235351116","174522950226","","229823909897","","","","","","","","","",
"Norway","NOR","High-technology exports (current US$)","TX.VAL.TECH.CD","","","","","","","","","","","","","","","","","","","","","","","","","","","","","999844844","961944358","1263716092","1155602517","1322814427","1176130910","1252695816","1508325684","1585381130","1714667568","1876042597","1907582464","1854538306","2224095768","2640338065","2403802328","2689936524","2798633966","3338449628","3584084836","4264421285","3807911617","3834172996","4510799186","4506303030","4818883360","5208376522","",
"Nepal","NPL","High-technology exports (current US$)","TX.VAL.TECH.CD","","","","","","","","","","","","","","","","","","","","","","","","","","","","","","","","","","","10266764","","","","8236","1050","52184","","","590450","","","","","","2435963","3566817","1916543","778302","1768386","1058351","",
"New Zealand","NZL","High-technology exports (current US$)","TX.VAL.TECH.CD","","","","","","","","","","","","","","","","","","","","","","","","","","","","","71356655","86573252","92511969","108939010","124535586","141387614","210838678","278355857","293925165","367639149","467905646","610597632","377486916","370010851","390220319","474177763","566383135","603216320","590444494","603307391","584484821","472594061","547784792","661395978","709174190","723215367","644639540","",
"High income: OECD","OEC","High-technology exports (current US$)","TX.VAL.TECH.CD","","","","","","","","","","","","","","","","","","","","","","","","","","","","","203907866167","298382555946","342352508474","370177803532","395606895049","397575419328","455630054378","551769114273","568898000272","630408491878","659241993283","727581717106","829811466396","754907892783","741090163636","800637736862","937145348753","1011776164523","1135736846313","1056940113328","1103162571163","896713038815","1039359405127","1130174223898","1120426980421","1151257818237","1180112889731","",
"OECD members","OED","High-technology exports (current US$)","TX.VAL.TECH.CD","","","","","","","","","","","","","","","","","","","","","","","","","","","","","","299558628250","343421508110","371456218826","399418572735","402210661500","462376124184","561314904476","580979912519","646424391801","678926136650","752512188663","862063506444","785633510656","770564236207","830126777774","970112151693","1045058263302","1172917580011","1092066137948","1138229482393","929255890484","1078730527730","1172891007657","1166427906021","1198853393176","1231863979658","",
"Oman","OMN","High-technology exports (current US$)","TX.VAL.TECH.CD","","","","","","","","","","","","","","","","","","","","","","","","","","","","","7690922","33625955","41836162","51652467","28183956","52765958","55153532","36862767","53091349","107572599","110692191","117601232","41978321","41435579","36471296","18322687","3760365","2228193","3409703","7513179","18079322","6950754","18747197","137151352","167104202","159946807","230872191","",
"Other small states","OSS","High-technology exports (current US$)","TX.VAL.TECH.CD","","","","","","","","","","","","","","","","","","","","","","","","","","","","","","","","","","","","","","","","","","","","","168664900","224828493","563137694","","","","","","","","","",
"Pakistan","PAK","High-technology exports (current US$)","TX.VAL.TECH.CD","","","","","","","","","","","","","","","","","","","","","","","","","","","","","","","3113504","1252998","1938392","4108858","","2773677","2523708","6522592","8087982","21933998","29995547","23149845","56799086","121914599","120554724","179795879","197887409","189482047","270489462","226813073","262070065","316365305","309016315","348751224","259253378","",
"Panama","PAN","High-technology exports (current US$)","TX.VAL.TECH.CD","","","","","","","","","","","","","","","","","","","","","","","","","","","","","","","","","","","","3223842","2950890","3388892","2272738","1592928","1510123","2321319","1725173","1203638","2054564","858046","1220256","2743362","1108997","900026","696667","4769250391","464507","50963","231391","",
"Peru","PER","High-technology exports (current US$)","TX.VAL.TECH.CD","","","","","","","","","","","","","","","","","","","","","","","","","","","","","","","","","7271073","7576866","15198952","17766712","48593534","45914701","45903291","45184476","50834817","54483648","33304281","39454385","57421038","78988129","75269711","84392781","113493474","113547613","253239885","306912151","185157921","177875931","185817380","",
"Philippines","PHL","High-technology exports (current US$)","TX.VAL.TECH.CD","","","","","","","","","","","","","","","","","","","","","","","","","","","","","","","","2003826037","1111128055","1413760829","1811180663","2471030199","9942599252","14367156160","19044395918","24175397321","25255816101","21025886575","23880908253","23955318370","25869410149","26019715020","27653464668","29526159013","26889303346","21525688076","16071867452","12949169027","20795049384","21810356356","23839225492","",
"Palau","PLW","High-technology exports (current US$)","TX.VAL.TECH.CD","","","","","","","","","","","","","","","","","","","","","","","","","","","","","","","","","","","","","","","","","","","","","","","","","","","","","166122","","1102773","",
"Papua New Guinea","PNG","High-technology exports (current US$)","TX.VAL.TECH.CD","","","","","","","","","","","","","","","","","","","","","","","","","","","","","","","","","","","","","","","33758608","","10895186","38456809","12583204","47665157","70850283","","","","","","","65439337","15582279","","","",
"Poland","POL","High-technology exports (current US$)","TX.VAL.TECH.CD","","","","","","","","","","","","","","","","","","","","","","","","","","","","","","","","","268087000","257493000","285125000","418829001","527785003","490635199","641687000","557414000","834121000","906441000","950788000","1336721000","1989231014","2645317949","3225078654","3370639621","5906529876","6626950220","8304806900","8613651552","9559858495","12220494770","14487253098","",
"Puerto Rico","PRI","High-technology exports (current US$)","TX.VAL.TECH.CD","","","","","","","","","","","","","","","","","","","","","","","","","","","","","","","","","","","","","","","","","","","","","","","","","","","","","","","","",
"Korea, Dem. People’s Rep.","PRK","High-technology exports (current US$)","TX.VAL.TECH.CD","","","","","","","","","","","","","","","","","","","","","","","","","","","","","","","","","","","","","","","","","","","","","","","","","","","","","","","","",
"Portugal","PRT","High-technology exports (current US$)","TX.VAL.TECH.CD","","","","","","","","","","","","","","","","","","","","","","","","","","","","","343563398","448824547","543657886","489959408","542421793","340255692","538825399","996129912","812640868","817717777","826732783","1016354149","1291624925","1622596398","1601168874","2321708814","2701050865","2746308535","3096152853","3341480546","3387823077","1387080033","1297075534","1644726715","1774888298","1964368104","2085363040","",
"Paraguay","PRY","High-technology exports (current US$)","TX.VAL.TECH.CD","","","","","","","","","","","","","","","","","","","","","","","","","","","","","","84511","186033","703480","1060915","1026716","1868969","3709801","2249088","3768044","4885660","3209573","4826728","6673026","4557696","9373646","13110697","16295134","24251942","23553508","27103631","37259224","31881008","43141808","44453713","57567206","55955000","",
"Pacific island small states","PSS","High-technology exports (current US$)","TX.VAL.TECH.CD","","","","","","","","","","","","","","","","","","","","","","","","","","","","","","","","","","","","","","","","","","","","","","","","","","","","","","","","",
"French Polynesia","PYF","High-technology exports (current US$)","TX.VAL.TECH.CD","","","","","","","","","","","","","","","","","","","","","","","","","","","","","","","","","","","","","29113911","30696468","41909151","30125520","17951748","21992515","5328772","4375644","18350872","23458417","18434304","3294114","28488491","11149418","5891124","17870700","2278947","8677315","19732265","",
"Qatar","QAT","High-technology exports (current US$)","TX.VAL.TECH.CD","","","","","","","","","","","","","","","","","","","","","","","","","","","","","","","","15658","17999","5137","0","25483","13575","","0","76754","549","76581","1635","24352","457078","100488","312176","2667716","9066","860597","11009","112596","3993324","27939","33285","",
"Romania","ROU","High-technology exports (current US$)","TX.VAL.TECH.CD","","","","","","","","","","","","","","","","","","","","","","","","","","","","","","210895000","140186000","48561819","46199496","39460188","74538000","79015000","76790000","79795000","120868007","236571000","470274000","566746000","427421992","576961184","719984879","847478378","1236505248","1117736473","2535246888","2923197033","4248559713","4966343987","2860651841","2857606634","3439802540","",
"Russian Federation","RUS","High-technology exports (current US$)","TX.VAL.TECH.CD","","","","","","","","","","","","","","","","","","","","","","","","","","","","","","","","","","","","","2228785250","1890655525","2469187457","2277379681","3907958319","3249500846","4664408204","5501366655","5254188367","3820368577","3866054190","4108627496","5071296687","4527431432","5075117239","5443361073","7095069908","8655776675","9842669328","",
"Rwanda","RWA","High-technology exports (current US$)","TX.VAL.TECH.CD","","","","","","","","","","","","","","","","","","","","","","","","","","","","","","","","","","","","","7997","30376","40064","9718","","22904","9272199","492728","680391","979440","674188","1167746","930199","4560864","933635","1403086","1040410","2076903","6554503","",
"South Asia","SAS","High-technology exports (current US$)","TX.VAL.TECH.CD","","","","","","","","","","","","","","","","","","","","","","","","","","","","","","","","","","","","","","","","","","","","","","4451728908","","","","11041591781","10440866390","13299079873","","","","",
"Saudi Arabia","SAU","High-technology exports (current US$)","TX.VAL.TECH.CD","","","","","","","","","","","","","","","","","","","","","","","","","","","","","","","","11119439","16739813","4011778","3046368","9656596","39545985","","18216505","46011727","23440000","31028445","25756006","132555253","41206324","97623851","156251947","131282909","85194506","39837656","200938649","206151461","255733654","291211033","","",
"Sudan","SDN","High-technology exports (current US$)","TX.VAL.TECH.CD","","","","","","","","","","","","","","","","","","","","","","","","","","","","","","","","","","","","","31736","8","10958","799019","4695287","559404","3729316","3915","0","14343","8771","","35372","9624127","49577","294501","","","","",
"Senegal","SEN","High-technology exports (current US$)","TX.VAL.TECH.CD","","","","","","","","","","","","","","","","","","","","","","","","","","","","","","","","","","","","","2888362","2725225","15758778","32789650","13599584","10062787","12427909","19402165","29455123","52824400","17240295","24940185","44310661","89872472","9330993","5703457","6840305","22270856","30241847","",
"Singapore","SGP","High-technology exports (current US$)","TX.VAL.TECH.CD","","","","","","","","","","","","","","","","","","","","","","","","","","","","","","11643931309","15023064248","17311581862","21773042951","27516281358","40313852578","53636846754","58000525979","59752080267","54894563402","60030536679","73920978262","62552702241","64119593432","76411037761","94225281972","105656173155","124739041673","102853621506","117067882072","95398094528","126981502643","126434946962","128239439593","135601531429","137369116389","",
"Solomon Islands","SLB","High-technology exports (current US$)","TX.VAL.TECH.CD","","","","","","","","","","","","","","","","","","","","","","","","","","","","","","","","","","","","","","","","","","","0","0","0","0","","","","4704","37","122555","136","177224","0","",
"Sierra Leone","SLE","High-technology exports (current US$)","TX.VAL.TECH.CD","","","","","","","","","","","","","","","","","","","","","","","","","","","","","","","","","","","","","","","","","324146","","960168","","","","","","","","","","","","7244","",
"El Salvador","SLV","High-technology exports (current US$)","TX.VAL.TECH.CD","","","","","","","","","","","","","","","","","","","","","","","","","","","","","","","","","","","25832736","29071938","33406492","40539102","45484749","38262580","21102946","28888664","38852320","36126214","34376518","117877138","128013169","137651113","147296526","140226040","185960385","200590617","178178778","177673567","189329660","",
"San Marino","SMR","High-technology exports (current US$)","TX.VAL.TECH.CD","","","","","","","","","","","","","","","","","","","","","","","","","","","","","","","","","","","","","","","","","","","","","","","","","","","","","","","","",
"Somalia","SOM","High-technology exports (current US$)","TX.VAL.TECH.CD","","","","","","","","","","","","","","","","","","","","","","","","","","","","","","","","","","","","","","","","","","","","","","","","","","","","","","","","",
"Serbia","SRB","High-technology exports (current US$)","TX.VAL.TECH.CD","","","","","","","","","","","","","","","","","","","","","","","","","","","","","","","","","57136000","","","","49784000","42172000","74862000","22086000","34690000","66014924","52839964","","99931535","93134116","145654851","211332724","259274663","229950355","253645320","262692393","373961680","334511622","","",
"Sub-Saharan Africa (developing only)","SSA","High-technology exports (current US$)","TX.VAL.TECH.CD","","","","","","","","","","","","","","","","","","","","","","","","","","","","","","","","","","","","","","","","","1105347564","1006029189","924254134","1116011629","1689696889","2272653137","2927107061","2515168743","2624217310","2009643933","2283785954","3215662656","","","","",
"South Sudan","SSD","High-technology exports (current US$)","TX.VAL.TECH.CD","","","","","","","","","","","","","","","","","","","","","","","","","","","","","","","","","","","","","","","","","","","","","","","","","","","","","3394943","","","",
"Sub-Saharan Africa (all income levels)","SSF","High-technology exports (current US$)","TX.VAL.TECH.CD","","","","","","","","","","","","","","","","","","","","","","","","","","","","","","","","","","","","","","","","","1105482852","1006092885","925680484","1116011629","1689696889","2276367278","2927564258","2515168743","2624412800","2009643933","2283785954","3215662656","","","","",
"Small states","SST","High-technology exports (current US$)","TX.VAL.TECH.CD","","","","","","","","","","","","","","","","","","","","","","","","","","","","","","","","","","","","","","","","","","","115747023","","216205966","296650920","629755988","357566096","244755312","132803977","","","","","","",
"Sao Tome and Principe","STP","High-technology exports (current US$)","TX.VAL.TECH.CD","","","","","","","","","","","","","","","","","","","","","","","","","","","","","","","","","","","","","","","","","","","1597","","","11841","2428","420","177","32586","41748","4359","100228","114456","2266","",
"Suriname","SUR","High-technology exports (current US$)","TX.VAL.TECH.CD","","","","","","","","","","","","","","","","","","","","","","","","","","","","","","","","","","","141381","78356","1062563","719656","455898","609000","615504","472736","759338","1110443","936464","2257894","1332103","1582243","1604487","3710124","4708574","5523252","11045678","5416397","10156828","",
"Slovak Republic","SVK","High-technology exports (current US$)","TX.VAL.TECH.CD","","","","","","","","","","","","","","","","","","","","","","","","","","","","","","","","","","","222149980","213242632","189529708","290184717","328655638","365935531","361411266","409087076","396527641","730929099","1302981576","1973952675","2313115719","2663500518","3167015729","2751909097","3740963335","4717976058","6192876580","7574416351","7706617343","",
"Slovenia","SVN","High-technology exports (current US$)","TX.VAL.TECH.CD","","","","","","","","","","","","","","","","","","","","","","","","","","","","","","","","","191551943","178417770","","269437483","337698173","323144754","367207086","318261071","384045608","442116205","505315304","737728849","821284815","788181718","1011106873","1170874426","1485875217","1264521310","1191147002","1403283011","1388653122","1466833567","1479152863","",
"Sweden","SWE","High-technology exports (current US$)","TX.VAL.TECH.CD","","","","","","","","","","","","","","","","","","","","","","","","","","","","","5076135173","5338570626","6108131709","6113267869","6248217974","5436116531","6674993548","9992765407","11993231502","12663289520","13823620910","13879680276","16207767302","10819505841","12326832164","13497011271","17296306006","17338866133","18364281859","15068947695","15424454303","12794379549","16178044373","18499493586","16561556182","17096659061","16555746623","",
"Swaziland","SWZ","High-technology exports (current US$)","TX.VAL.TECH.CD","","","","","","","","","","","","","","","","","","","","","","","","","","","","","","","","","","","","","","","","","1951437","2947641","3978269","3677719","1103070","657893","1188832","876591","","","","","","","","",
"Sint Maarten (Dutch part)","SXM","High-technology exports (current US$)","TX.VAL.TECH.CD","","","","","","","","","","","","","","","","","","","","","","","","","","","","","","","","","","","","","","","","","","","","","","","","","","","","","","","","",
"Seychelles","SYC","High-technology exports (current US$)","TX.VAL.TECH.CD","","","","","","","","","","","","","","","","","","","","","","","","","","","","","","","","","253","0","55","","0","0","0","0","135288","63696","1426350","0","0","3714141","457197","0","195490","","","","","","","",
"Syrian Arab Republic","SYR","High-technology exports (current US$)","TX.VAL.TECH.CD","","","","","","","","","","","","","","","","","","","","","","","","","","","","","","","","","","","","","","","","","1913314","506234","2976286","4907064","6233676","18470421","28121778","51019645","85804121","46824781","37531370","","","","","",
"Turks and Caicos Islands","TCA","High-technology exports (current US$)","TX.VAL.TECH.CD","","","","","","","","","","","","","","","","","","","","","","","","","","","","","","","","","","","","","","","","610361","855133","195369","106336","310674","489659","7110","12458","2800","6171","88533","","141727","182433","","","",
"Chad","TCD","High-technology exports (current US$)","TX.VAL.TECH.CD","","","","","","","","","","","","","","","","","","","","","","","","","","","","","","","","","","","","","","","","","","","","","","","","","","","","","","","","",
"Togo","TGO","High-technology exports (current US$)","TX.VAL.TECH.CD","","","","","","","","","","","","","","","","","","","","","","","","","","","","","316519","","","95154","","","232524","761508","727937","387212","207520","288615","356055","681918","712211","2453293","48943","195485","","100981","98320","254695","180872","782525","681968","938484","","",
"Thailand","THA","High-technology exports (current US$)","TX.VAL.TECH.CD","","","","","","","","","","","","","","","","","","","","","","","","","","","","","","2132280537","3030979698","3868391499","4778256551","5444163614","7743026426","10096666550","11576924208","12657216487","13558805259","13998103915","17293040958","15227797755","15688054626","18259980893","20610893825","22553664350","27051581167","30321849612","31303092122","27764379900","34156221484","33264733346","33767674064","33901233425","34992376969","",
"Tajikistan","TJK","High-technology exports (current US$)","TX.VAL.TECH.CD","","","","","","","","","","","","","","","","","","","","","","","","","","","","","","","","","","","","","","","","","37103000","","","","","","","","","","","","","","","",
"Turkmenistan","TKM","High-technology exports (current US$)","TX.VAL.TECH.CD","","","","","","","","","","","","","","","","","","","","","","","","","","","","","","","","","","","","","","","994","16563265","8537806","","","","","","","","","","","","","","","",
"Timor-Leste","TLS","High-technology exports (current US$)","TX.VAL.TECH.CD","","","","","","","","","","","","","","","","","","","","","","","","","","","","","","","","","","","","","","","","","","","","","0","0","","","","","","","","1906777","","",
"Tonga","TON","High-technology exports (current US$)","TX.VAL.TECH.CD","","","","","","","","","","","","","","","","","","","","","","","","","","","","","","","","","","","","","","","","","0","0","","","","","","","0","842","242","1391","150259","55045","24663","",
"Trinidad and Tobago","TTO","High-technology exports (current US$)","TX.VAL.TECH.CD","","","","","","","","","","","","","","","","","","","","","","","","","","","","","","","","799600","1316621","21936022","10025628","34177624","2945906","2461351","13508367","20564774","11250989","75391531","25460846","4224084","26925505","33926641","30164833","59578913","34999299","3252578","3102673","","","","","",
"Tunisia","TUN","High-technology exports (current US$)","TX.VAL.TECH.CD","","","","","","","","","","","","","","","","","","","","","","","","","","","","","","","51271541","47090367","48406351","81165259","53666156","69935756","72191999","71688241","97153681","124512446","154371221","176772350","207154873","246928621","377166200","354317345","572657326","573108916","628103934","446128793","611161593","732232913","569043143","616390976","","",
"Turkey","TUR","High-technology exports (current US$)","TX.VAL.TECH.CD","","","","","","","","","","","","","","","","","","","","","","","","","","","","","","133859648","106787555","89399797","123364670","147697188","217447443","193654203","275112382","423832071","454047637","870979600","1077574539","990847814","536439348","763179631","1010840536","881846891","1281261668","1643907482","1679724101","1359242821","1713837053","1921400175","1979030628","2176908249","2348380310","",
"Tuvalu","TUV","High-technology exports (current US$)","TX.VAL.TECH.CD","","","","","","","","","","","","","","","","","","","","","","","","","","","","","","","","","","","","","","","","","","","13523","4873","4720","3700","","","","","","","","","","",
"Tanzania","TZA","High-technology exports (current US$)","TX.VAL.TECH.CD","","","","","","","","","","","","","","","","","","","","","","","","","","","","","","","","","","","","","","111709","4285402","5866513","1242682","1466144","700049","1521466","1106791","1533315","1149067","4891077","11252821","16203276","24738032","40986194","94598416","44156835","22713535","",
"Uganda","UGA","High-technology exports (current US$)","TX.VAL.TECH.CD","","","","","","","","","","","","","","","","","","","","","","","","","","","","","","","","","","","1180009","506995","223529","863191","1147811","1704473","444599","2580127","3155138","3169206","1834548","9023698","60424366","23942454","4607480","3010160","6238424","148932234","165738142","8152925","10556376","",
"Ukraine","UKR","High-technology exports (current US$)","TX.VAL.TECH.CD","","","","","","","","","","","","","","","","","","","","","","","","","","","","","","","","","","","","","379872431","441150796","455249676","332333210","528931556","526110120","586809129","1081945700","1461350770","884828313","952495179","1341577643","1551061032","1385271697","1441024225","1908273982","2622692832","2189031951","1921996739","",
"Upper middle income","UMC","High-technology exports (current US$)","TX.VAL.TECH.CD","","","","","","","","","","","","","","","","","","","","","","","","","","","","","","","","","","","","","","82841069123","95448195301","116842952726","148758272024","146158326995","167159503973","213232367550","281441785406","344846497585","419082175922","452784187827","472269200349","439490149278","561951035873","624287607470","670950868812","726100350473","729699626559","",
"Uruguay","URY","High-technology exports (current US$)","TX.VAL.TECH.CD","","","","","","","","","","","","","","","","","","","","","","","","","","","","","","","","","","18386444","15712619","21395220","22955805","21927783","22409190","20614016","21184713","18804415","21000854","19706350","27116982","29313365","44058319","47950318","78206926","78467988","113974800","134229147","193244229","189270799","171097517","",
"United States","USA","High-technology exports (current US$)","TX.VAL.TECH.CD","","","","","","","","","","","","","","","","","","","","","","","","","","","","","","76767867475","89516989741","97807009781","104700910870","105184845717","115535095942","126759299125","138093562433","163407329178","171969190087","181431870161","197466008779","176163628691","162082323849","160291329039","176281664560","190737242707","219026015638","218115501899","220884471208","132406674889","145932689277","145638600147","148330989468","148530552453","155640595588","",
"Uzbekistan","UZB","High-technology exports (current US$)","TX.VAL.TECH.CD","","","","","","","","","","","","","","","","","","","","","","","","","","","","","","","","","","","","","","","","","","","","","","","","","","","","","","","","",
"St. Vincent and the Grenadines","VCT","High-technology exports (current US$)","TX.VAL.TECH.CD","","","","","","","","","","","","","","","","","","","","","","","","","","","","","","","","","","783","1445944","0","1851","0","0","0","480","164","101","0","0","2217","1207","10039","403","41882","8506","99","3056","","","",
"Venezuela, RB","VEN","High-technology exports (current US$)","TX.VAL.TECH.CD","","","","","","","","","","","","","","","","","","","","","","","","","","","","","","","73688424","21184129","33864295","52109778","54946035","73240357","69574302","79490912","81093347","70643836","81588276","95349752","113505422","133723731","121189638","119897353","80052664","","123461218","66134810","145232232","50439651","14962","18092984","","",
"Virgin Islands (U.S.)","VIR","High-technology exports (current US$)","TX.VAL.TECH.CD","","","","","","","","","","","","","","","","","","","","","","","","","","","","","","","","","","","","","","","","","","","","","","","","","","","","","","","","",
"Vietnam","VNM","High-technology exports (current US$)","TX.VAL.TECH.CD","","","","","","","","","","","","","","","","","","","","","","","","","","","","","","","","","","","","","","5503000","3973000","9548000","683655000","581096644","484887554","592414662","621555814","873255442","1275038573","2381019411","1646991047","2100571972","4020110739","9118403941","16259339193","27819466251","30863791585","",
"Vanuatu","VUT","High-technology exports (current US$)","TX.VAL.TECH.CD","","","","","","","","","","","","","","","","","","","","","","","","","","","","","","","344531","216839","","","109339","","","","","","6523","","","","","","373371","53871","","411843","699753","2817944","","","","",
"West Bank and Gaza","PSE","High-technology exports (current US$)","TX.VAL.TECH.CD","","","","","","","","","","","","","","","","","","","","","","","","","","","","","","","","","","","","","","","","","481716","441385","641458","915740","527523","523647","670727","167020","418170","333818","584958","666652","1120523","369027","","",
"World","WLD","High-technology exports (current US$)","TX.VAL.TECH.CD","","","","","","","","","","","","","","","","","","","","","","","","","","","","","","","","","","","","","","","","987008274053","1161209666581","1051813484865","1068539135617","1192357074233","1431841270914","1585643256613","1827567466187","1764054270771","1841965535104","1565142793639","1779958346963","1939529723167","1994389066995","2106019735134","","",
"Samoa","WSM","High-technology exports (current US$)","TX.VAL.TECH.CD","","","","","","","","","","","","","","","","","","","","","","","","","","","","","","","","","","","","","","","","","","213838","75216","97345","51551","5732228","24265","58305","347265","100511","93742","71333","31768","195335","365039","",
"Yemen, Rep.","YEM","High-technology exports (current US$)","TX.VAL.TECH.CD","","","","","","","","","","","","","","","","","","","","","","","","","","","","","","","","","","","","","","","","","","379","1503","46192","130250","208198","367253","709024","411165","376375","389635","678967","584691","2668283","1219706","",
"South Africa","ZAF","High-technology exports (current US$)","TX.VAL.TECH.CD","","","","","","","","","","","","","","","","","","","","","","","","","","","","","","","","","418339743","443800372","479765638","696734921","725657771","977887646","920544584","909742630","990529075","898603831","740274487","883865270","1273558110","1759555270","1790064008","1832867973","1974037725","1364421670","1855317578","2227730667","2310814925","2215473993","2488862532","",
"Congo, Dem. Rep.","COD","High-technology exports (current US$)","TX.VAL.TECH.CD","","","","","","","","","","","","","","","","","","","","","","","","","","","","","","","","","","","","","","","","","","","","","","","","","","","","","","","","",
"Zambia","ZMB","High-technology exports (current US$)","TX.VAL.TECH.CD","","","","","","","","","","","","","","","","","","","","","","","","","","","","","","","","","","1057717","","1586109","1785692","36331451","5663221","1982610","301768","189669","538824","751018","1166104","1729251","4118964","9901033","8683710","5425079","4295755","221453792","53725320","39418578","19026361","",
"Zimbabwe","ZWE","High-technology exports (current US$)","TX.VAL.TECH.CD","","","","","","","","","","","","","","","","","","","","","","","","","","","","","","","6746832","3364216","3950145","3350509","6207092","7968136","13047094","13699747","","9882531","9085226","947329","20527480","","4879281","6996293","201339683","47624092","77165942","7015329","8945808","8927467","20183805","18294566","11721077","",
